kod_wady;nazwa_wady;typ_przedmiotu;kara_procentowa;opis
LOOSE_HELMET;Luzny hełm;MINIFIG;0.2;Czesty problem starszych figurek, wyrobiony styk helmu z glowka
TORSO_CRACK;Pekniecia na torsie;MINIFIG;0.3;Czeste uszkodzenia po bokach torsow, najczesciej w okolicach styku z nozkami
ARM_CRACK;Pekniecia na raczce;MINIFIG;0.1;Czeste uszkodzenia ramion figurek
BITE_MARKS;Slady ugryzien;MINIFIG;0.2;Czeste uszkodzenia figurek, ktore były uzywane do zabawy - najczesciej wgniecenia oraz fizyczne znieksztalcenia plastiku
LOOSE_JOINTS;Luzne/wyrobione stawy;MINIFIG;0.15;Czesty problem figurek, ktore byly rozkladane i ukladane ponownie wiele razy, elementy ruszaja się bardzo latwo i luzno
YELLOWED_PARTS_MINIFIGS;Pozolknięcia elementow figurek;MINIFIG;0.3;Problem elementow, ktore mialy dlugi kontakt ze sloncem, najczesciej biale oraz jasnoszare elementy zmieniaja odcien w strone zoltego
YELLOWED_PARTS_SETS;Pozolknięcia elementow zestawu;SET;0.3;Problem elementow, ktore mialy dlugi kontakt ze sloncem, najczesciej biale oraz jasnoszare elementy zmieniaja odcien w strone zoltego
MISSING_BOX;Brak oryginalnego pudelka;SET;0.25;Zestaw bez oryginalnego pudelka, ktore czesto jest duza czescia jego wartosci
"MISSING_MANUAL	SET";Brak oryginalnej instrukcji;SET;0.1;Zestaw bez oryginalnej instrukcji
MISSING_MINIFIGURES;Brak minifigurek;SET;0.4;Zestaw bez minifigurek, ktore sa w duzej mierze okresleniem jego wartości oraz popularnosci
MISSING_PARTS_EXCL;Brak eksluzywnych dla zestawu elementow;SET;0.2;Zestaw bez elementow, ktore wystapily tylko i wylacznie w tym zestawie
MISSING_PARTS1;Braki mniej niz 10% elementow;SET;0.15;Zestaw niekompletny, ktoremu brakuje elementow łatwych do dokupienia (kompletność > 90%)
MISSING_PARTS2;Braki miedzy 10%, a 20%;SET;0.20;Zestaw niekompletny, ktoremu brakuje elementow latwych do dokupienia (brak < 10%)
MISSING_PARTS3;Braki miedzy 20%, a 30%;SET;0.25;Zestaw niekompletny, ktoremu brakuje elementow latwych do dokupienia (brak < 20%)
MISSING_PARTS4;Braki wiecej niż 30% elementow;SET;0.30;Zestaw niekompletny, ktoremu brakuje elementow latwych do dokupienia (brak < 30%)
INCOMPLETE;Zestaw niekompletny;SET;0.4;Zestaw niekompletny, ktoremu brakuje elementow latwych do dokupienia (brak > 30%)
DAMAGED_PARTS;Elementy wykazuja mocne slady uzywania;SET;0.25;Zestaw, w ktorym elementy maja mocne slady uzytkowania (pekniecia elementow, pogryzienia elementow)